{"cameraMode":{"drawMode":0,"name":"Shaded","section":"Shading Mode"},"sceneLighting":true,"audioPlay":false,"sceneViewState":{"m_AlwaysRefresh":false,"showFog":true,"showSkybox":true,"showFlares":true,"showImageEffects":true,"showParticleSystems":true,"showVisualEffectGraphs":true,"m_FxEnabled":true},"in2DMode":false,"pivot":{"x":0.4389493465423584,"y":2.1019246578216554,"z":1.5245574712753297},"rotation":{"x":-0.10760345309972763,"y":-0.0003994641301687807,"z":0.000054046340665081516,"w":-0.9942111372947693},"size":37.757442474365237,"orthographic":false}